Nombre,Apellido,dni,Registro
Gregorio,Guzman,39153061,21267
Ismael,Calderon,38293660,21283
Enrique,Montes,42146059,21290
Jose Ignacio,Salazar,36325178,21297
Jose Miguel,Casas,40492717,21300
Sebastian,Plaza,38042937,21307
Javier,Parra,38221237,21334
Jose Maria,Rivera,42760357,21338
Ramon,Galan,38202050,21353
Benito,Valle,41277533,21359
Martin,Bermudez,39895636,21362
Jesus,Bravo,41988394,21416
Xavier,Avila,37900292,21424
Miguel Angel,Silva,40495308,21531
Aitor,Miguel,37668603,21545
Borja,Del Rio,37327018,21547
Juan Luis,Tomas,38676147,21570
Tomas,Mateos,37194800,21579
Hugo,Roca,41957373,21609
Luis,Arroyo,41593621,21619
Gabriel,Menendez,37058843,21626
Antonio Jose,Lazaro,38022256,21698
Emilio,Villar,36271135,21722
Jose Angel,Santamaria,39015921,21760
Pau,Bautista,42716236,21779
Iker,De La Fuente,40067937,21813
Marc,Gracia,41560813,21818
Julian,Miranda,39072867,21888
Pedro Jose,Anton,41635088,21890
Ivan,Mendoza,36338852,21952
Bernardo,Collado,38190130,21954
Juan Jose,Luque,42433008,21975
Gonzalo,Beltran,42343579,22012
Albert,Trujillo,42568358,22038
Sergio,Camacho,42117289,22049
Cristian,Conde,36487330,22124
Oscar,Bernal,41907256,22132
Jaume,Luna,37035397,22293
Victor,Benito,38919306,22305
Joaquin,Soriano,37474296,22323
Jose Manuel,Espinosa,38848482,22325
Rodrigo,Pons,38886332,22340
Carlos,Rojas,36445909,22376
Isaac,Maldonado,39702364,22378
Ruben,Vila,38481080,22438
Mario,Roldan,41627206,22472
Alberto,Vera,38329599,22474
Jose Luis,Esteban,36796096,22536
Nicolas,Quintana,41036752,22562
Juan Pedro,Cordero,41687347,22647
Ricardo,Bueno,36526627,22705
Angel,Rivas,42246004,22729
Adrian,Marti,41417031,22775
Alfredo,Jurado,40924074,22781
Juan Manuel,Valero,39921352,22800
Jaime,Varela,42419974,22833
Juan Antonio,Sierra,39220508,22851
Felipe,Aranda,37316728,22873
Agustin,Escudero,37794567,22899
Juan Miguel,Alarcon,37369151,22907
Jose Ramon,Rivero,40195875,22911
Mohamed,Estevez,41770775,22930
Isidro,Lorente,41082199,22940
Victor Manuel,Serra,42727092,23018
Jose Vicente,Ballesteros,38489746,23043
Esteban,Pacheco,39089060,23080
Pedro,Izquierdo,39668550,23085
Juan Francisco,Salas,39169556,23176
Eugenio,Simon,37706618,23193
Moises,Rodrigo,40687247,23201
Valentin,Escobar,37648904,23236
Lucas,Salvador,40556166,23243
Luis Miguel,Cuesta,41174943,23244
Jose Francisco,Manzano,36739010,23244
Felix,Aparicio,38962520,23346
Francisco Jose,Pereira,42201922,23462
German,Zamora,38214674,23500
Roberto,Andres,42044877,23506
Juan Ramon,Oliva,36748098,23518
Raul,Marcos,42709922,23549
Miguel,Merino,41904644,23619
Abel,Juan,41026918,23631
Manuel,Soto,37007255,23665
Francisco Javier,Gallardo,36467558,23694
Adolfo,Valverde,37039560,23784
Pablo,Redondo,39697105,23789
Joan,Padilla,36593974,23790
Andres,Robles,41174216,23821
Alex,Sancho,37860732,23831
Jose Javier,Millan,38178728,23880
Francisco,Saez,41484235,23941
Ahmed,Mas,40018657,23960
Samuel,Blazquez,36956856,24022
Fernando,Casado,37991904,24027
Rafael,Franco,41322858,24044
Jorge,Rey,39679484,24078
Mariano,Rico,42111999,24095
Cristobal,Rueda,39933940,24103
Cesar,Costa,37070881,24107
Antonio Jesus,Casta√±o,36972765,24122
Alvaro,Carrillo,37024765,24148
Francisco Manuel,Bermejo,36446289,24275
Arturo,Mesa,41177684,24297
Josep,Galvez,41604240,24311
Jose,Pastor,40149111,24331
Eduardo,Exposito,42213154,24332
Jonathan,Paredes,42511374,24340
Antonio,Roman,38994173,24395
Mohammed,Ponce,38615824,24443
Santiago,Palacios,37986810,24464
Guillermo,Aguilera,36404209,24470
Diego,Rios,39460749,24475
Marcos,Contreras,40446627,24496
Salvador,Heredia,38915642,24501
Julio,Guillen,40479555,24506
Lorenzo,Hurtado,36397510,24525
Daniel,Pardo,42688282,24533
Ernesto,Murillo,41450845,24554
Alejandro,Lara,37537964,24582
Jose Carlos,Acosta,42145355,24588
Juan Carlos,Otero,42581324,24624
Vicente,Segura,41795772,24657
Jordi,Mateo,38978873,24686
Juan,Velasco,37454984,24689
Alfonso,Guerra,40636092,24699
Jose Antonio,Moya,39250171,24703
Ignacio,Macias,40167312,24722
Christian,Pozo,38450260,24739
David,Soler,38718453,24763
Domingo,Abad,41623558,24768
Jesus Maria,Blasco,37517999,24803
Hector,Villanueva,40277885,24845
